name,full_name,html_url,description,stargazers_count,forks_count,open_issues_count,watchers_count,topics,category
free-programming-books,EbookFoundation/free-programming-books,https://github.com/EbookFoundation/free-programming-books,:books: Freely available programming books,367572,64071,42,367572,,utils
public-apis,public-apis/public-apis,https://github.com/public-apis/public-apis,A collective list of free APIs,364317,38257,575,364317,,utils
system-design-primer,donnemartin/system-design-primer,https://github.com/donnemartin/system-design-primer,Learn how to design large-scale systems. Prep for the system design interview.  Includes Anki flashcards.,318883,52156,516,318883,,education
awesome-python,vinta/awesome-python,https://github.com/vinta/awesome-python,"An opinionated list of awesome Python frameworks, libraries, software and resources.",258704,26260,492,258704,,utils
Python,TheAlgorithms/Python,https://github.com/TheAlgorithms/Python,All Algorithms implemented in Python,206715,47746,394,206715,,utils
AutoGPT,Significant-Gravitas/AutoGPT,https://github.com/Significant-Gravitas/AutoGPT,"AutoGPT is the vision of accessible AI for everyone, to use and to build on. Our mission is to provide the tools, so that you can focus on what matters.",178350,45967,220,178350,,utils
stable-diffusion-webui,AUTOMATIC1111/stable-diffusion-webui,https://github.com/AUTOMATIC1111/stable-diffusion-webui,Stable Diffusion web UI,156281,28995,2425,156281,,utils
transformers,huggingface/transformers,https://github.com/huggingface/transformers,"ğŸ¤— Transformers: the model-definition framework for state-of-the-art machine learning models in text, vision, audio, and multimodal models, for both inference and training. ",149287,30299,1995,149287,,ml_nlp
youtube-dl,ytdl-org/youtube-dl,https://github.com/ytdl-org/youtube-dl,Command-line program to download videos from YouTube.com and other video sites,137182,10462,4140,137182,,utils
HelloGitHub,521xueweihan/HelloGitHub,https://github.com/521xueweihan/HelloGitHub,":octocat: åˆ†äº« GitHub ä¸Šæœ‰è¶£ã€å…¥é—¨çº§çš„å¼€æºé¡¹ç›®ã€‚Share interesting, entry-level open source projects on GitHub.",127468,10710,199,127468,,utils
yt-dlp,yt-dlp/yt-dlp,https://github.com/yt-dlp/yt-dlp,A feature-rich command-line audio/video downloader,125535,10029,2048,125535,,utils
langflow,langflow-ai/langflow,https://github.com/langflow-ai/langflow,Langflow is a powerful tool for building and deploying AI-powered agents and workflows.,113821,7511,857,113821,,utils
DeepSeek-V3,deepseek-ai/DeepSeek-V3,https://github.com/deepseek-ai/DeepSeek-V3,,99180,16180,75,99180,,utils
thefuck,nvbn/thefuck,https://github.com/nvbn/thefuck,Magnificent app which corrects your previous console command.,93943,3759,392,93943,,utils
whisper,openai/whisper,https://github.com/openai/whisper,Robust Speech Recognition via Large-Scale Weak Supervision,87872,10893,92,87872,,utils
ComfyUI,comfyanonymous/ComfyUI,https://github.com/comfyanonymous/ComfyUI,"The most powerful and modular diffusion model GUI, api and backend with a graph/nodes interface.",87796,9758,2834,87796,,visualization
django,django/django,https://github.com/django/django,The Web framework for perfectionists with deadlines.,84910,32904,364,84910,,web_frameworks
core,home-assistant/core,https://github.com/home-assistant/core,:house_with_garden: Open source home automation that puts local control and privacy first.,81138,35024,2891,81138,,utils
manim,3b1b/manim,https://github.com/3b1b/manim,Animation engine for explanatory math videos,80413,6869,465,80413,,utils
devops-exercises,bregman-arie/devops-exercises,https://github.com/bregman-arie/devops-exercises,"Linux, Jenkins, AWS, SRE, Prometheus, Docker, Python, Ansible, Git, Kubernetes, Terraform, OpenStack, SQL, NoSQL, Azure, GCP, DNS, Elastic, Network, Virtualization. DevOps Interview Questions",78191,17543,40,78191,,database
funNLP,fighting41love/funNLP,https://github.com/fighting41love/funNLP,"ä¸­è‹±æ–‡æ•æ„Ÿè¯ã€è¯­è¨€æ£€æµ‹ã€ä¸­å¤–æ‰‹æœº/ç”µè¯å½’å±åœ°/è¿è¥å•†æŸ¥è¯¢ã€åå­—æ¨æ–­æ€§åˆ«ã€æ‰‹æœºå·æŠ½å–ã€èº«ä»½è¯æŠ½å–ã€é‚®ç®±æŠ½å–ã€ä¸­æ—¥æ–‡äººååº“ã€ä¸­æ–‡ç¼©å†™åº“ã€æ‹†å­—è¯å…¸ã€è¯æ±‡æƒ…æ„Ÿå€¼ã€åœç”¨è¯ã€ååŠ¨è¯è¡¨ã€æš´æè¯è¡¨ã€ç¹ç®€ä½“è½¬æ¢ã€è‹±æ–‡æ¨¡æ‹Ÿä¸­æ–‡å‘éŸ³ã€æ±ªå³°æ­Œè¯ç”Ÿæˆå™¨ã€èŒä¸šåç§°è¯åº“ã€åŒä¹‰è¯åº“ã€åä¹‰è¯åº“ã€å¦å®šè¯åº“ã€æ±½è½¦å“ç‰Œè¯åº“ã€æ±½è½¦é›¶ä»¶è¯åº“ã€è¿ç»­è‹±æ–‡åˆ‡å‰²ã€å„ç§ä¸­æ–‡è¯å‘é‡ã€å…¬å¸åå­—å¤§å…¨ã€å¤è¯—è¯åº“ã€ITè¯åº“ã€è´¢ç»è¯åº“ã€æˆè¯­è¯åº“ã€åœ°åè¯åº“ã€å†å²åäººè¯åº“ã€è¯—è¯è¯åº“ã€åŒ»å­¦è¯åº“ã€é¥®é£Ÿè¯åº“ã€æ³•å¾‹è¯åº“ã€æ±½è½¦è¯åº“ã€åŠ¨ç‰©è¯åº“ã€ä¸­æ–‡èŠå¤©è¯­æ–™ã€ä¸­æ–‡è°£è¨€æ•°æ®ã€ç™¾åº¦ä¸­æ–‡é—®ç­”æ•°æ®é›†ã€å¥å­ç›¸ä¼¼åº¦åŒ¹é…ç®—æ³•é›†åˆã€bertèµ„æºã€æ–‡æœ¬ç”Ÿæˆ&æ‘˜è¦ç›¸å…³å·¥å…·ã€cocoNLPä¿¡æ¯æŠ½å–å·¥å…·ã€å›½å†…ç”µè¯å·ç æ­£åˆ™åŒ¹é…ã€æ¸…åå¤§å­¦XLORE:ä¸­è‹±æ–‡è·¨è¯­è¨€ç™¾ç§‘çŸ¥è¯†å›¾è°±ã€æ¸…åå¤§å­¦äººå·¥æ™ºèƒ½æŠ€æœ¯ç³»åˆ—æŠ¥å‘Šã€è‡ªç„¶è¯­è¨€ç”Ÿæˆã€NLUå¤ªéš¾äº†ç³»åˆ—ã€è‡ªåŠ¨å¯¹è”æ•°æ®åŠæœºå™¨äººã€ç”¨æˆ·åé»‘åå•åˆ—è¡¨ã€ç½ªåæ³•åŠ¡åè¯åŠåˆ†ç±»æ¨¡å‹ã€å¾®ä¿¡å…¬ä¼—å·è¯­æ–™ã€cs224næ·±åº¦å­¦ä¹ è‡ªç„¶è¯­è¨€å¤„ç†è¯¾ç¨‹ã€ä¸­æ–‡æ‰‹å†™æ±‰å­—è¯†åˆ«ã€ä¸­æ–‡è‡ªç„¶è¯­è¨€å¤„ç† è¯­æ–™/æ•°æ®é›†ã€å˜é‡å‘½åç¥å™¨ã€åˆ†è¯è¯­æ–™åº“+ä»£ç ã€ä»»åŠ¡å‹å¯¹è¯è‹±æ–‡æ•°æ®é›†ã€ASR è¯­éŸ³æ•°æ®é›† + åŸºäºæ·±åº¦å­¦ä¹ çš„ä¸­æ–‡è¯­éŸ³è¯†åˆ«ç³»ç»Ÿã€ç¬‘å£°æ£€æµ‹å™¨ã€Microsoftå¤šè¯­è¨€æ•°å­—/å•ä½/å¦‚æ—¥æœŸæ—¶é—´è¯†åˆ«åŒ…ã€ä¸­åæ–°åå­—å…¸æ•°æ®åº“åŠapi(åŒ…æ‹¬å¸¸ç”¨æ­‡åè¯­ã€æˆè¯­ã€è¯è¯­å’Œæ±‰å­—)ã€æ–‡æ¡£å›¾è°±è‡ªåŠ¨ç”Ÿæˆã€SpaCy ä¸­æ–‡æ¨¡å‹ã€Common Voiceè¯­éŸ³è¯†åˆ«æ•°æ®é›†æ–°ç‰ˆã€ç¥ç»ç½‘ç»œå…³ç³»æŠ½å–ã€åŸºäºbertçš„å‘½åå®ä½“è¯†åˆ«ã€å…³é”®è¯(Keyphrase)æŠ½å–åŒ…pkeã€åŸºäºåŒ»ç–—é¢†åŸŸçŸ¥è¯†å›¾è°±çš„é—®ç­”ç³»ç»Ÿã€åŸºäºä¾å­˜å¥æ³•ä¸è¯­ä¹‰è§’è‰²æ ‡æ³¨çš„äº‹ä»¶ä¸‰å…ƒç»„æŠ½å–ã€ä¾å­˜å¥æ³•åˆ†æ4ä¸‡å¥é«˜è´¨é‡æ ‡æ³¨æ•°æ®ã€cnocrï¼šç”¨æ¥åšä¸­æ–‡OCRçš„Python3åŒ…ã€ä¸­æ–‡äººç‰©å…³ç³»çŸ¥è¯†å›¾è°±é¡¹ç›®ã€ä¸­æ–‡nlpç«èµ›é¡¹ç›®åŠä»£ç æ±‡æ€»ã€ä¸­æ–‡å­—ç¬¦æ•°æ®ã€speech-aligner: ä»â€œäººå£°è¯­éŸ³â€åŠå…¶â€œè¯­è¨€æ–‡æœ¬â€äº§ç”ŸéŸ³ç´ çº§åˆ«æ—¶é—´å¯¹é½æ ‡æ³¨çš„å·¥å…·ã€AmpliGraph: çŸ¥è¯†å›¾è°±è¡¨ç¤ºå­¦ä¹ (Python)åº“ï¼šçŸ¥è¯†å›¾è°±æ¦‚å¿µé“¾æ¥é¢„æµ‹ã€Scattertext æ–‡æœ¬å¯è§†åŒ–(python)ã€è¯­è¨€/çŸ¥è¯†è¡¨ç¤ºå·¥å…·ï¼šBERT & ERNIEã€ä¸­æ–‡å¯¹æ¯”è‹±æ–‡è‡ªç„¶è¯­è¨€å¤„ç†NLPçš„åŒºåˆ«ç»¼è¿°ã€Synonymsä¸­æ–‡è¿‘ä¹‰è¯å·¥å…·åŒ…ã€HarvestTexté¢†åŸŸè‡ªé€‚åº”æ–‡æœ¬æŒ–æ˜å·¥å…·ï¼ˆæ–°è¯å‘ç°-æƒ…æ„Ÿåˆ†æ-å®ä½“é“¾æ¥ç­‰ï¼‰ã€word2wordï¼š(Python)æ–¹ä¾¿æ˜“ç”¨çš„å¤šè¯­è¨€è¯-è¯å¯¹é›†ï¼š62ç§è¯­è¨€/3,564ä¸ªå¤šè¯­è¨€å¯¹ã€è¯­éŸ³è¯†åˆ«è¯­æ–™ç”Ÿæˆå·¥å…·ï¼šä»å…·æœ‰éŸ³é¢‘/å­—å¹•çš„åœ¨çº¿è§†é¢‘åˆ›å»ºè‡ªåŠ¨è¯­éŸ³è¯†åˆ«(ASR)è¯­æ–™åº“ã€æ„å»ºåŒ»ç–—å®ä½“è¯†åˆ«çš„æ¨¡å‹ï¼ˆåŒ…å«è¯å…¸å’Œè¯­æ–™æ ‡æ³¨ï¼‰ã€å•æ–‡æ¡£éç›‘ç£çš„å…³é”®è¯æŠ½å–ã€Kashgariä¸­ä½¿ç”¨gpt-2è¯­è¨€æ¨¡å‹ã€å¼€æºçš„é‡‘èæŠ•èµ„æ•°æ®æå–å·¥å…·ã€æ–‡æœ¬è‡ªåŠ¨æ‘˜è¦åº“TextTeaser: ä»…æ”¯æŒè‹±æ–‡ã€äººæ°‘æ—¥æŠ¥è¯­æ–™å¤„ç†å·¥å…·é›†ã€ä¸€äº›å…³äºè‡ªç„¶è¯­è¨€çš„åŸºæœ¬æ¨¡å‹ã€åŸºäº14Wæ­Œæ›²çŸ¥è¯†åº“çš„é—®ç­”å°è¯•--åŠŸèƒ½åŒ…æ‹¬æ­Œè¯æ¥é¾™andå·²çŸ¥æ­Œè¯æ‰¾æ­Œæ›²ä»¥åŠæ­Œæ›²æ­Œæ‰‹æ­Œè¯ä¸‰è§’å…³ç³»çš„é—®ç­”ã€åŸºäºSiamese bilstmæ¨¡å‹çš„ç›¸ä¼¼å¥å­åˆ¤å®šæ¨¡å‹å¹¶æä¾›è®­ç»ƒæ•°æ®é›†å’Œæµ‹è¯•æ•°æ®é›†ã€ç”¨Transformerç¼–è§£ç æ¨¡å‹å®ç°çš„æ ¹æ®Hacker Newsæ–‡ç« æ ‡é¢˜è‡ªåŠ¨ç”Ÿæˆè¯„è®ºã€ç”¨BERTè¿›è¡Œåºåˆ—æ ‡è®°å’Œæ–‡æœ¬åˆ†ç±»çš„æ¨¡æ¿ä»£ç ã€LitBankï¼šNLPæ•°æ®é›†â€”â€”æ”¯æŒè‡ªç„¶è¯­è¨€å¤„ç†å’Œè®¡ç®—äººæ–‡å­¦ç§‘ä»»åŠ¡çš„100éƒ¨å¸¦æ ‡è®°è‹±æ–‡å°è¯´è¯­æ–™ã€ç™¾åº¦å¼€æºçš„åŸºå‡†ä¿¡æ¯æŠ½å–ç³»ç»Ÿã€è™šå‡æ–°é—»æ•°æ®é›†ã€Facebook: LAMAè¯­è¨€æ¨¡å‹åˆ†æï¼Œæä¾›Transformer-XL/BERT/ELMo/GPTé¢„è®­ç»ƒè¯­è¨€æ¨¡å‹çš„ç»Ÿä¸€è®¿é—®æ¥å£ã€CommonsenseQAï¼šé¢å‘å¸¸è¯†çš„è‹±æ–‡QAæŒ‘æˆ˜ã€ä¸­æ–‡çŸ¥è¯†å›¾è°±èµ„æ–™ã€æ•°æ®åŠå·¥å…·ã€å„å¤§å…¬å¸å†…éƒ¨é‡Œå¤§ç‰›åˆ†äº«çš„æŠ€æœ¯æ–‡æ¡£ PDF æˆ–è€… PPTã€è‡ªç„¶è¯­è¨€ç”ŸæˆSQLè¯­å¥ï¼ˆè‹±æ–‡ï¼‰ã€ä¸­æ–‡NLPæ•°æ®å¢å¼ºï¼ˆEDAï¼‰å·¥å…·ã€è‹±æ–‡NLPæ•°æ®å¢å¼ºå·¥å…· ã€åŸºäºåŒ»è¯çŸ¥è¯†å›¾è°±çš„æ™ºèƒ½é—®ç­”ç³»ç»Ÿã€äº¬ä¸œå•†å“çŸ¥è¯†å›¾è°±ã€åŸºäºmongodbå­˜å‚¨çš„å†›äº‹é¢†åŸŸçŸ¥è¯†å›¾è°±é—®ç­”é¡¹ç›®ã€åŸºäºè¿œç›‘ç£çš„ä¸­æ–‡å…³ç³»æŠ½å–ã€è¯­éŸ³æƒ…æ„Ÿåˆ†æã€ä¸­æ–‡ULMFiT-æƒ…æ„Ÿåˆ†æ-æ–‡æœ¬åˆ†ç±»-è¯­æ–™åŠæ¨¡å‹ã€ä¸€ä¸ªæ‹ç…§åšé¢˜ç¨‹åºã€ä¸–ç•Œå„å›½å¤§è§„æ¨¡äººååº“ã€ä¸€ä¸ªåˆ©ç”¨æœ‰è¶£ä¸­æ–‡è¯­æ–™åº“ qingyun è®­ç»ƒå‡ºæ¥çš„ä¸­æ–‡èŠå¤©æœºå™¨äººã€ä¸­æ–‡èŠå¤©æœºå™¨äººseqGANã€çœå¸‚åŒºé•‡è¡Œæ”¿åŒºåˆ’æ•°æ®å¸¦æ‹¼éŸ³æ ‡æ³¨ã€æ•™è‚²è¡Œä¸šæ–°é—»è¯­æ–™åº“åŒ…å«è‡ªåŠ¨æ–‡æ‘˜åŠŸèƒ½ã€å¼€æ”¾äº†å¯¹è¯æœºå™¨äºº-çŸ¥è¯†å›¾è°±-è¯­ä¹‰ç†è§£-è‡ªç„¶è¯­è¨€å¤„ç†å·¥å…·åŠæ•°æ®ã€ä¸­æ–‡çŸ¥è¯†å›¾è°±ï¼šåŸºäºç™¾åº¦ç™¾ç§‘ä¸­æ–‡é¡µé¢-æŠ½å–ä¸‰å…ƒç»„ä¿¡æ¯-æ„å»ºä¸­æ–‡çŸ¥è¯†å›¾è°±ã€masr: ä¸­æ–‡è¯­éŸ³è¯†åˆ«-æä¾›é¢„è®­ç»ƒæ¨¡å‹-é«˜è¯†åˆ«ç‡ã€PythonéŸ³é¢‘æ•°æ®å¢å¹¿åº“ã€ä¸­æ–‡å…¨è¯è¦†ç›–BERTåŠä¸¤ä»½é˜…è¯»ç†è§£æ•°æ®ã€ConvLabï¼šå¼€æºå¤šåŸŸç«¯åˆ°ç«¯å¯¹è¯ç³»ç»Ÿå¹³å°ã€ä¸­æ–‡è‡ªç„¶è¯­è¨€å¤„ç†æ•°æ®é›†ã€åŸºäºæœ€æ–°ç‰ˆæœ¬rasaæ­å»ºçš„å¯¹è¯ç³»ç»Ÿã€åŸºäºTensorFlowå’ŒBERTçš„ç®¡é“å¼å®ä½“åŠå…³ç³»æŠ½å–ã€ä¸€ä¸ªå°å‹çš„è¯åˆ¸çŸ¥è¯†å›¾è°±/çŸ¥è¯†åº“ã€å¤ç›˜æ‰€æœ‰NLPæ¯”èµ›çš„TOPæ–¹æ¡ˆã€OpenCLaPï¼šå¤šé¢†åŸŸå¼€æºä¸­æ–‡é¢„è®­ç»ƒè¯­è¨€æ¨¡å‹ä»“åº“ã€UERï¼šåŸºäºä¸åŒè¯­æ–™+ç¼–ç å™¨+ç›®æ ‡ä»»åŠ¡çš„ä¸­æ–‡é¢„è®­ç»ƒæ¨¡å‹ä»“åº“ã€ä¸­æ–‡è‡ªç„¶è¯­è¨€å¤„ç†å‘é‡åˆé›†ã€åŸºäºé‡‘è-å¸æ³•é¢†åŸŸ(å…¼æœ‰é—²èŠæ€§è´¨)çš„èŠå¤©æœºå™¨äººã€g2pCï¼šåŸºäºä¸Šä¸‹æ–‡çš„æ±‰è¯­è¯»éŸ³è‡ªåŠ¨æ ‡è®°æ¨¡å—ã€Zincbase çŸ¥è¯†å›¾è°±æ„å»ºå·¥å…·åŒ…ã€è¯—æ­Œè´¨é‡è¯„ä»·/ç»†ç²’åº¦æƒ…æ„Ÿè¯—æ­Œè¯­æ–™åº“ã€å¿«é€Ÿè½¬åŒ–ã€Œä¸­æ–‡æ•°å­—ã€å’Œã€Œé˜¿æ‹‰ä¼¯æ•°å­—ã€ã€ç™¾åº¦çŸ¥é“é—®ç­”è¯­æ–™åº“ã€åŸºäºçŸ¥è¯†å›¾è°±çš„é—®ç­”ç³»ç»Ÿã€jieba_fast åŠ é€Ÿç‰ˆçš„jiebaã€æ­£åˆ™è¡¨è¾¾å¼æ•™ç¨‹ã€ä¸­æ–‡é˜…è¯»ç†è§£æ•°æ®é›†ã€åŸºäºBERTç­‰æœ€æ–°è¯­è¨€æ¨¡å‹çš„æŠ½å–å¼æ‘˜è¦æå–ã€Pythonåˆ©ç”¨æ·±åº¦å­¦ä¹ è¿›è¡Œæ–‡æœ¬æ‘˜è¦çš„ç»¼åˆæŒ‡å—ã€çŸ¥è¯†å›¾è°±æ·±åº¦å­¦ä¹ ç›¸å…³èµ„æ–™æ•´ç†ã€ç»´åŸºå¤§è§„æ¨¡å¹³è¡Œæ–‡æœ¬è¯­æ–™ã€StanfordNLP 0.2.0ï¼šçº¯Pythonç‰ˆè‡ªç„¶è¯­è¨€å¤„ç†åŒ…ã€NeuralNLP-NeuralClassifierï¼šè…¾è®¯å¼€æºæ·±åº¦å­¦ä¹ æ–‡æœ¬åˆ†ç±»å·¥å…·ã€ç«¯åˆ°ç«¯çš„å°é—­åŸŸå¯¹è¯ç³»ç»Ÿã€ä¸­æ–‡å‘½åå®ä½“è¯†åˆ«ï¼šNeuroNER vs. BertNERã€æ–°é—»äº‹ä»¶çº¿ç´¢æŠ½å–ã€2019å¹´ç™¾åº¦çš„ä¸‰å…ƒç»„æŠ½å–æ¯”èµ›ï¼šâ€œç§‘å­¦ç©ºé—´é˜Ÿâ€æºç ã€åŸºäºä¾å­˜å¥æ³•çš„å¼€æ”¾åŸŸæ–‡æœ¬çŸ¥è¯†ä¸‰å…ƒç»„æŠ½å–å’ŒçŸ¥è¯†åº“æ„å»ºã€ä¸­æ–‡çš„GPT2è®­ç»ƒä»£ç ã€ML-NLP - æœºå™¨å­¦ä¹ (Machine Learning)NLPé¢è¯•ä¸­å¸¸è€ƒåˆ°çš„çŸ¥è¯†ç‚¹å’Œä»£ç å®ç°ã€nlp4han:ä¸­æ–‡è‡ªç„¶è¯­è¨€å¤„ç†å·¥å…·é›†(æ–­å¥/åˆ†è¯/è¯æ€§æ ‡æ³¨/ç»„å—/å¥æ³•åˆ†æ/è¯­ä¹‰åˆ†æ/NER/Nå…ƒè¯­æ³•/HMM/ä»£è¯æ¶ˆè§£/æƒ…æ„Ÿåˆ†æ/æ‹¼å†™æ£€æŸ¥ã€XLMï¼šFacebookçš„è·¨è¯­è¨€é¢„è®­ç»ƒè¯­è¨€æ¨¡å‹ã€ç”¨åŸºäºBERTçš„å¾®è°ƒå’Œç‰¹å¾æå–æ–¹æ³•æ¥è¿›è¡ŒçŸ¥è¯†å›¾è°±ç™¾åº¦ç™¾ç§‘äººç‰©è¯æ¡å±æ€§æŠ½å–ã€ä¸­æ–‡è‡ªç„¶è¯­è¨€å¤„ç†ç›¸å…³çš„å¼€æ”¾ä»»åŠ¡-æ•°æ®é›†-å½“å‰æœ€ä½³ç»“æœã€CoupletAI - åŸºäºCNN+Bi-LSTM+Attention çš„è‡ªåŠ¨å¯¹å¯¹è”ç³»ç»Ÿã€æŠ½è±¡çŸ¥è¯†å›¾è°±ã€MiningZhiDaoQACorpus - 580ä¸‡ç™¾åº¦çŸ¥é“é—®ç­”æ•°æ®æŒ–æ˜é¡¹ç›®ã€brat rapid annotation tool: åºåˆ—æ ‡æ³¨å·¥å…·ã€å¤§è§„æ¨¡ä¸­æ–‡çŸ¥è¯†å›¾è°±æ•°æ®ï¼š1.4äº¿å®ä½“ã€æ•°æ®å¢å¼ºåœ¨æœºå™¨ç¿»è¯‘åŠå…¶ä»–nlpä»»åŠ¡ä¸­çš„åº”ç”¨åŠæ•ˆæœã€allennlpé˜…è¯»ç†è§£:æ”¯æŒå¤šç§æ•°æ®å’Œæ¨¡å‹ã€PDFè¡¨æ ¼æ•°æ®æå–å·¥å…· ã€ Graphbrainï¼šAIå¼€æºè½¯ä»¶åº“å’Œç§‘ç ”å·¥å…·ï¼Œç›®çš„æ˜¯ä¿ƒè¿›è‡ªåŠ¨æ„ä¹‰æå–å’Œæ–‡æœ¬ç†è§£ä»¥åŠçŸ¥è¯†çš„æ¢ç´¢å’Œæ¨æ–­ã€ç®€å†è‡ªåŠ¨ç­›é€‰ç³»ç»Ÿã€åŸºäºå‘½åå®ä½“è¯†åˆ«çš„ç®€å†è‡ªåŠ¨æ‘˜è¦ã€ä¸­æ–‡è¯­è¨€ç†è§£æµ‹è¯„åŸºå‡†ï¼ŒåŒ…æ‹¬ä»£è¡¨æ€§çš„æ•°æ®é›†&åŸºå‡†æ¨¡å‹&è¯­æ–™åº“&æ’è¡Œæ¦œã€æ ‘æ´ OCR æ–‡å­—è¯†åˆ« ã€ä»åŒ…å«è¡¨æ ¼çš„æ‰«æå›¾ç‰‡ä¸­è¯†åˆ«è¡¨æ ¼å’Œæ–‡å­—ã€è¯­å£°è¿ç§»ã€Pythonå£è¯­è‡ªç„¶è¯­è¨€å¤„ç†å·¥å…·é›†(è‹±æ–‡)ã€ similarityï¼šç›¸ä¼¼åº¦è®¡ç®—å·¥å…·åŒ…ï¼Œjavaç¼–å†™ã€æµ·é‡ä¸­æ–‡é¢„è®­ç»ƒALBERTæ¨¡å‹ ã€Transformers 2.0 ã€åŸºäºå¤§è§„æ¨¡éŸ³é¢‘æ•°æ®é›†Audiosetçš„éŸ³é¢‘å¢å¼º ã€Poplarï¼šç½‘é¡µç‰ˆè‡ªç„¶è¯­è¨€æ ‡æ³¨å·¥å…·ã€å›¾ç‰‡æ–‡å­—å»é™¤ï¼Œå¯ç”¨äºæ¼«ç”»ç¿»è¯‘ ã€186ç§è¯­è¨€çš„æ•°å­—å«æ³•åº“ã€Amazonå‘å¸ƒåŸºäºçŸ¥è¯†çš„äºº-äººå¼€æ”¾é¢†åŸŸå¯¹è¯æ•°æ®é›† ã€ä¸­æ–‡æ–‡æœ¬çº é”™æ¨¡å—ä»£ç ã€ç¹ç®€ä½“è½¬æ¢ ã€ Pythonå®ç°çš„å¤šç§æ–‡æœ¬å¯è¯»æ€§è¯„ä»·æŒ‡æ ‡ã€ç±»ä¼¼äºäººå/åœ°å/ç»„ç»‡æœºæ„åçš„å‘½åä½“è¯†åˆ«æ•°æ®é›† ã€ä¸œå—å¤§å­¦ã€ŠçŸ¥è¯†å›¾è°±ã€‹ç ”ç©¶ç”Ÿè¯¾ç¨‹(èµ„æ–™)ã€. è‹±æ–‡æ‹¼å†™æ£€æŸ¥åº“ ã€ wwsearchæ˜¯ä¼ä¸šå¾®ä¿¡åå°è‡ªç ”çš„å…¨æ–‡æ£€ç´¢å¼•æ“ã€CHAMELEONï¼šæ·±åº¦å­¦ä¹ æ–°é—»æ¨èç³»ç»Ÿå…ƒæ¶æ„ ã€ 8ç¯‡è®ºæ–‡æ¢³ç†BERTç›¸å…³æ¨¡å‹è¿›å±•ä¸åæ€ã€DocSearchï¼šå…è´¹æ–‡æ¡£æœç´¢å¼•æ“ã€ LIDAï¼šè½»é‡äº¤äº’å¼å¯¹è¯æ ‡æ³¨å·¥å…· ã€aili - the fastest in-memory index in the East ä¸œåŠçƒæœ€å¿«å¹¶å‘ç´¢å¼• ã€çŸ¥è¯†å›¾è°±è½¦éŸ³å·¥ä½œé¡¹ç›®ã€è‡ªç„¶è¯­è¨€ç”Ÿæˆèµ„æºå¤§å…¨ ã€ä¸­æ—¥éŸ©åˆ†è¯åº“mecabçš„Pythonæ¥å£åº“ã€ä¸­æ–‡æ–‡æœ¬æ‘˜è¦/å…³é”®è¯æå–ã€æ±‰å­—å­—ç¬¦ç‰¹å¾æå–å™¨ (featurizer)ï¼Œæå–æ±‰å­—çš„ç‰¹å¾ï¼ˆå‘éŸ³ç‰¹å¾ã€å­—å½¢ç‰¹å¾ï¼‰ç”¨åšæ·±åº¦å­¦ä¹ çš„ç‰¹å¾ã€ä¸­æ–‡ç”Ÿæˆä»»åŠ¡åŸºå‡†æµ‹è¯„ ã€ä¸­æ–‡ç¼©å†™æ•°æ®é›†ã€ä¸­æ–‡ä»»åŠ¡åŸºå‡†æµ‹è¯„ - ä»£è¡¨æ€§çš„æ•°æ®é›†-åŸºå‡†(é¢„è®­ç»ƒ)æ¨¡å‹-è¯­æ–™åº“-baseline-å·¥å…·åŒ…-æ’è¡Œæ¦œã€PySS3ï¼šé¢å‘å¯è§£é‡ŠAIçš„SS3æ–‡æœ¬åˆ†ç±»å™¨æœºå™¨å¯è§†åŒ–å·¥å…· ã€ä¸­æ–‡NLPæ•°æ®é›†åˆ—è¡¨ã€COPE - æ ¼å¾‹è¯—ç¼–è¾‘ç¨‹åºã€doccanoï¼šåŸºäºç½‘é¡µçš„å¼€æºååŒå¤šè¯­è¨€æ–‡æœ¬æ ‡æ³¨å·¥å…· ã€PreNLPï¼šè‡ªç„¶è¯­è¨€é¢„å¤„ç†åº“ã€ç®€å•çš„ç®€å†è§£æå™¨ï¼Œç”¨æ¥ä»ç®€å†ä¸­æå–å…³é”®ä¿¡æ¯ã€ç”¨äºä¸­æ–‡é—²èŠçš„GPT2æ¨¡å‹ï¼šGPT2-chitchatã€åŸºäºæ£€ç´¢èŠå¤©æœºå™¨äººå¤šè½®å“åº”é€‰æ‹©ç›¸å…³èµ„æºåˆ—è¡¨(Leaderboardsã€Datasetsã€Papers)ã€(Colab)æŠ½è±¡æ–‡æœ¬æ‘˜è¦å®ç°é›†é”¦(æ•™ç¨‹ ã€è¯è¯­æ‹¼éŸ³æ•°æ®ã€é«˜æ•ˆæ¨¡ç³Šæœç´¢å·¥å…·ã€NLPæ•°æ®å¢å¹¿èµ„æºé›†ã€å¾®è½¯å¯¹è¯æœºå™¨äººæ¡†æ¶ ã€ GitHub Typo Corpusï¼šå¤§è§„æ¨¡GitHubå¤šè¯­è¨€æ‹¼å†™é”™è¯¯/è¯­æ³•é”™è¯¯æ•°æ®é›†ã€TextClusterï¼šçŸ­æ–‡æœ¬èšç±»é¢„å¤„ç†æ¨¡å— Short text clusterã€é¢å‘è¯­éŸ³è¯†åˆ«çš„ä¸­æ–‡æ–‡æœ¬è§„èŒƒåŒ–ã€BLINKï¼šæœ€å…ˆè¿›çš„å®ä½“é“¾æ¥åº“ã€BertPuncï¼šåŸºäºBERTçš„æœ€å…ˆè¿›æ ‡ç‚¹ä¿®å¤æ¨¡å‹ã€Tokenizerï¼šå¿«é€Ÿã€å¯å®šåˆ¶çš„æ–‡æœ¬è¯æ¡åŒ–åº“ã€ä¸­æ–‡è¯­è¨€ç†è§£æµ‹è¯„åŸºå‡†ï¼ŒåŒ…æ‹¬ä»£è¡¨æ€§çš„æ•°æ®é›†ã€åŸºå‡†(é¢„è®­ç»ƒ)æ¨¡å‹ã€è¯­æ–™åº“ã€æ’è¡Œæ¦œã€spaCy åŒ»å­¦æ–‡æœ¬æŒ–æ˜ä¸ä¿¡æ¯æå– ã€ NLPä»»åŠ¡ç¤ºä¾‹é¡¹ç›®ä»£ç é›†ã€ pythonæ‹¼å†™æ£€æŸ¥åº“ã€chatbot-list - è¡Œä¸šå†…å…³äºæ™ºèƒ½å®¢æœã€èŠå¤©æœºå™¨äººçš„åº”ç”¨å’Œæ¶æ„ã€ç®—æ³•åˆ†äº«å’Œä»‹ç»ã€è¯­éŸ³è´¨é‡è¯„ä»·æŒ‡æ ‡(MOSNet, BSSEval, STOI, PESQ, SRMR)ã€ ç”¨138GBè¯­æ–™è®­ç»ƒçš„æ³•æ–‡RoBERTaé¢„è®­ç»ƒè¯­è¨€æ¨¡å‹ ã€BERT-NER-Pytorchï¼šä¸‰ç§ä¸åŒæ¨¡å¼çš„BERTä¸­æ–‡NERå®éªŒã€æ— é“è¯å…¸ - æœ‰é“è¯å…¸çš„å‘½ä»¤è¡Œç‰ˆæœ¬ï¼Œæ”¯æŒè‹±æ±‰äº’æŸ¥å’Œåœ¨çº¿æŸ¥è¯¢ã€2019å¹´NLPäº®ç‚¹å›é¡¾ã€ Chinese medical dialogue data ä¸­æ–‡åŒ»ç–—å¯¹è¯æ•°æ®é›† ã€æœ€å¥½çš„æ±‰å­—æ•°å­—(ä¸­æ–‡æ•°å­—)-é˜¿æ‹‰ä¼¯æ•°å­—è½¬æ¢å·¥å…·ã€ åŸºäºç™¾ç§‘çŸ¥è¯†åº“çš„ä¸­æ–‡è¯è¯­å¤šè¯ä¹‰/ä¹‰é¡¹è·å–ä¸ç‰¹å®šå¥å­è¯è¯­è¯­ä¹‰æ¶ˆæ­§ã€awesome-nlp-sentiment-analysis - æƒ…æ„Ÿåˆ†æã€æƒ…ç»ªåŸå› è¯†åˆ«ã€è¯„ä»·å¯¹è±¡å’Œè¯„ä»·è¯æŠ½å–ã€LineFlowï¼šé¢å‘æ‰€æœ‰æ·±åº¦å­¦ä¹ æ¡†æ¶çš„NLPæ•°æ®é«˜æ•ˆåŠ è½½å™¨ã€ä¸­æ–‡åŒ»å­¦NLPå…¬å¼€èµ„æºæ•´ç† ã€MedQuADï¼š(è‹±æ–‡)åŒ»å­¦é—®ç­”æ•°æ®é›†ã€å°†è‡ªç„¶è¯­è¨€æ•°å­—ä¸²è§£æè½¬æ¢ä¸ºæ•´æ•°å’Œæµ®ç‚¹æ•°ã€Transfer Learning in Natural Language Processing (NLP) ã€é¢å‘è¯­éŸ³è¯†åˆ«çš„ä¸­æ–‡/è‹±æ–‡å‘éŸ³è¾å…¸ã€Tokenizersï¼šæ³¨é‡æ€§èƒ½ä¸å¤šåŠŸèƒ½æ€§çš„æœ€å…ˆè¿›åˆ†è¯å™¨ã€CLUENER ç»†ç²’åº¦å‘½åå®ä½“è¯†åˆ« Fine Grained Named Entity Recognitionã€ åŸºäºBERTçš„ä¸­æ–‡å‘½åå®ä½“è¯†åˆ«ã€ä¸­æ–‡è°£è¨€æ•°æ®åº“ã€NLPæ•°æ®é›†/åŸºå‡†ä»»åŠ¡å¤§åˆ—è¡¨ã€nlpç›¸å…³çš„ä¸€äº›è®ºæ–‡åŠä»£ç , åŒ…æ‹¬ä¸»é¢˜æ¨¡å‹ã€è¯å‘é‡(Word Embedding)ã€å‘½åå®ä½“è¯†åˆ«(NER)ã€æ–‡æœ¬åˆ†ç±»(Text Classificatin)ã€æ–‡æœ¬ç”Ÿæˆ(Text Generation)ã€æ–‡æœ¬ç›¸ä¼¼æ€§(Text Similarity)è®¡ç®—ç­‰ï¼Œæ¶‰åŠåˆ°å„ç§ä¸nlpç›¸å…³çš„ç®—æ³•ï¼ŒåŸºäºkeraså’Œtensorflow ã€Pythonæ–‡æœ¬æŒ–æ˜/NLPå®æˆ˜ç¤ºä¾‹ã€ Blackstoneï¼šé¢å‘éç»“æ„åŒ–æ³•å¾‹æ–‡æœ¬çš„spaCy pipelineå’ŒNLPæ¨¡å‹é€šè¿‡åŒä¹‰è¯æ›¿æ¢å®ç°æ–‡æœ¬â€œå˜è„¸â€ ã€ä¸­æ–‡ é¢„è®­ç»ƒ ELECTREA æ¨¡å‹: åŸºäºå¯¹æŠ—å­¦ä¹  pretrain Chinese Model ã€albert-chinese-ner - ç”¨é¢„è®­ç»ƒè¯­è¨€æ¨¡å‹ALBERTåšä¸­æ–‡NER ã€åŸºäºGPT2çš„ç‰¹å®šä¸»é¢˜æ–‡æœ¬ç”Ÿæˆ/æ–‡æœ¬å¢å¹¿ã€å¼€æºé¢„è®­ç»ƒè¯­è¨€æ¨¡å‹åˆé›†ã€å¤šè¯­è¨€å¥å‘é‡åŒ…ã€ç¼–ç ã€æ ‡è®°å’Œå®ç°ï¼šä¸€ç§å¯æ§é«˜æ•ˆçš„æ–‡æœ¬ç”Ÿæˆæ–¹æ³•ã€ è‹±æ–‡è„è¯å¤§åˆ—è¡¨ ã€attnvisï¼šGPT2ã€BERTç­‰transformerè¯­è¨€æ¨¡å‹æ³¨æ„åŠ›äº¤äº’å¯è§†åŒ–ã€CoVoSTï¼šFacebookå‘å¸ƒçš„å¤šè¯­ç§è¯­éŸ³-æ–‡æœ¬ç¿»è¯‘è¯­æ–™åº“ï¼ŒåŒ…æ‹¬11ç§è¯­è¨€(æ³•è¯­ã€å¾·è¯­ã€è·å…°è¯­ã€ä¿„è¯­ã€è¥¿ç­ç‰™è¯­ã€æ„å¤§åˆ©è¯­ã€åœŸè€³å…¶è¯­ã€æ³¢æ–¯è¯­ã€ç‘å…¸è¯­ã€è’™å¤è¯­å’Œä¸­æ–‡)çš„è¯­éŸ³ã€æ–‡å­—è½¬å½•åŠè‹±æ–‡è¯‘æ–‡ã€Jiaguè‡ªç„¶è¯­è¨€å¤„ç†å·¥å…· - ä»¥BiLSTMç­‰æ¨¡å‹ä¸ºåŸºç¡€ï¼Œæä¾›çŸ¥è¯†å›¾è°±å…³ç³»æŠ½å– ä¸­æ–‡åˆ†è¯ è¯æ€§æ ‡æ³¨ å‘½åå®ä½“è¯†åˆ« æƒ…æ„Ÿåˆ†æ æ–°è¯å‘ç° å…³é”®è¯ æ–‡æœ¬æ‘˜è¦ æ–‡æœ¬èšç±»ç­‰åŠŸèƒ½ã€ç”¨unetå®ç°å¯¹æ–‡æ¡£è¡¨æ ¼çš„è‡ªåŠ¨æ£€æµ‹ï¼Œè¡¨æ ¼é‡å»ºã€NLPäº‹ä»¶æå–æ–‡çŒ®èµ„æºåˆ—è¡¨ ã€ é‡‘èé¢†åŸŸè‡ªç„¶è¯­è¨€å¤„ç†ç ”ç©¶èµ„æºå¤§åˆ—è¡¨ã€CLUEDatasetSearch - ä¸­è‹±æ–‡NLPæ•°æ®é›†ï¼šæœç´¢æ‰€æœ‰ä¸­æ–‡NLPæ•°æ®é›†ï¼Œé™„å¸¸ç”¨è‹±æ–‡NLPæ•°æ®é›† ã€medical_NER - ä¸­æ–‡åŒ»å­¦çŸ¥è¯†å›¾è°±å‘½åå®ä½“è¯†åˆ« ã€(å“ˆä½›)è®²å› æœæ¨ç†çš„å…è´¹ä¹¦ã€çŸ¥è¯†å›¾è°±ç›¸å…³å­¦ä¹ èµ„æ–™/æ•°æ®é›†/å·¥å…·èµ„æºå¤§åˆ—è¡¨ã€Forteï¼šçµæ´»å¼ºå¤§çš„è‡ªç„¶è¯­è¨€å¤„ç†pipelineå·¥å…·é›† ã€Pythonå­—ç¬¦ä¸²ç›¸ä¼¼æ€§ç®—æ³•åº“ã€PyLaiaï¼šé¢å‘æ‰‹å†™æ–‡æ¡£åˆ†æçš„æ·±åº¦å­¦ä¹ å·¥å…·åŒ…ã€TextFoolerï¼šé’ˆå¯¹æ–‡æœ¬åˆ†ç±»/æ¨ç†çš„å¯¹æŠ—æ–‡æœ¬ç”Ÿæˆæ¨¡å—ã€Haystackï¼šçµæ´»ã€å¼ºå¤§çš„å¯æ‰©å±•é—®ç­”(QA)æ¡†æ¶ã€ä¸­æ–‡å…³é”®çŸ­è¯­æŠ½å–å·¥å…·",75890,14994,41,75890,,ml_nlp
Deep-Live-Cam,hacksider/Deep-Live-Cam,https://github.com/hacksider/Deep-Live-Cam,real time face swap and one-click video deepfake with only a single image,73014,10566,86,73014,,dev_tools
markitdown,microsoft/markitdown,https://github.com/microsoft/markitdown,Python tool for converting files and office documents to Markdown.,72974,4030,338,72974,,utils
d2l-zh,d2l-ai/d2l-zh,https://github.com/d2l-ai/d2l-zh,ã€ŠåŠ¨æ‰‹å­¦æ·±åº¦å­¦ä¹ ã€‹ï¼šé¢å‘ä¸­æ–‡è¯»è€…ã€èƒ½è¿è¡Œã€å¯è®¨è®ºã€‚ä¸­è‹±æ–‡ç‰ˆè¢«70å¤šä¸ªå›½å®¶çš„500å¤šæ‰€å¤§å­¦ç”¨äºæ•™å­¦ã€‚,72141,11851,115,72141,,utils
screenshot-to-code,abi/screenshot-to-code,https://github.com/abi/screenshot-to-code,Drop in a screenshot and convert it to clean code (HTML/Tailwind/React/Vue),70854,8778,128,70854,,ml_nlp
flask,pallets/flask,https://github.com/pallets/flask,The Python micro framework for building web applications.,70307,16523,6,70307,,web_frameworks
PayloadsAllTheThings,swisskyrepo/PayloadsAllTheThings,https://github.com/swisskyrepo/PayloadsAllTheThings,A list of useful payloads and bypass for Web Application Security and Pentest/CTF,69758,15904,13,69758,,security
browser-use,browser-use/browser-use,https://github.com/browser-use/browser-use,ğŸŒ Make websites accessible for AI agents. Automate tasks online with ease.,69406,8084,81,69406,,utils
gpt_academic,binary-husky/gpt_academic,https://github.com/binary-husky/gpt_academic,"ä¸ºGPT/GLMç­‰LLMå¤§è¯­è¨€æ¨¡å‹æä¾›å®ç”¨åŒ–äº¤äº’æ¥å£ï¼Œç‰¹åˆ«ä¼˜åŒ–è®ºæ–‡é˜…è¯»/æ¶¦è‰²/å†™ä½œä½“éªŒï¼Œæ¨¡å—åŒ–è®¾è®¡ï¼Œæ”¯æŒè‡ªå®šä¹‰å¿«æ·æŒ‰é’®&å‡½æ•°æ’ä»¶ï¼Œæ”¯æŒPythonå’ŒC++ç­‰é¡¹ç›®å‰–æ&è‡ªè¯‘è§£åŠŸèƒ½ï¼ŒPDF/LaTexè®ºæ–‡ç¿»è¯‘&æ€»ç»“åŠŸèƒ½ï¼Œæ”¯æŒå¹¶è¡Œé—®è¯¢å¤šç§LLMæ¨¡å‹ï¼Œæ”¯æŒchatglm3ç­‰æœ¬åœ°æ¨¡å‹ã€‚æ¥å…¥é€šä¹‰åƒé—®, deepseekcoder, è®¯é£æ˜Ÿç«, æ–‡å¿ƒä¸€è¨€, llama2, rwkv, claude2, mossç­‰ã€‚",69205,8374,286,69205,,utils
cpython,python/cpython,https://github.com/python/cpython,The Python programming language,68730,32782,9345,68730,,utils
sherlock,sherlock-project/sherlock,https://github.com/sherlock-project/sherlock,Hunt down social media accounts by username across social networks,68518,7924,241,68518,,utils
new-pac,Alvin9999/new-pac,https://github.com/Alvin9999/new-pac,ç¿»å¢™-ç§‘å­¦ä¸Šç½‘ã€è‡ªç”±ä¸Šç½‘ã€å…è´¹ç§‘å­¦ä¸Šç½‘ã€å…è´¹ç¿»å¢™ã€fanqiangã€æ²¹ç®¡youtube/è§†é¢‘ä¸‹è½½ã€è½¯ä»¶ã€VPNã€ä¸€é”®ç¿»å¢™æµè§ˆå™¨ï¼Œvpsä¸€é”®æ­å»ºç¿»å¢™æœåŠ¡å™¨è„šæœ¬/æ•™ç¨‹ï¼Œå…è´¹shadowsocks/ss/ssr/v2ray/goflywayè´¦å·/èŠ‚ç‚¹ï¼Œç¿»å¢™æ¢¯å­ï¼Œç”µè„‘ã€æ‰‹æœºã€iOSã€å®‰å“ã€windowsã€Macã€Linuxã€è·¯ç”±å™¨ç¿»å¢™ã€ç§‘å­¦ä¸Šç½‘ã€youtubeè§†é¢‘ä¸‹è½½ã€youtubeæ²¹ç®¡é•œåƒ/å…ç¿»å¢™ç½‘ç«™ã€ç¾åŒºapple idå…±äº«è´¦å·ã€ç¿»å¢™-ç§‘å­¦ä¸Šç½‘-æ¢¯å­,68054,10323,444,68054,,mobile
ansible,ansible/ansible,https://github.com/ansible/ansible,"Ansible is a radically simple IT automation platform that makes your applications and systems easier to deploy and maintain. Automate everything from code deployment to network configuration to cloud management, in a language that approaches plain English, using SSH, with no agents to install on remote systems. https://docs.ansible.com.",66341,24075,867,66341,,utils
gpt4free,xtekky/gpt4free,https://github.com/xtekky/gpt4free,"The official gpt4free repository | various collection of powerful language models | o4, o3 and deepseek r1, gpt-4.1, gemini 2.5",65060,13683,12,65060,,utils
keras,keras-team/keras,https://github.com/keras-team/keras,Deep Learning for humans,63396,19625,268,63396,,ml_nlp
scikit-learn,scikit-learn/scikit-learn,https://github.com/scikit-learn/scikit-learn,scikit-learn: machine learning in Python,63267,26206,2185,63267,,ml_nlp
OpenHands,All-Hands-AI/OpenHands,https://github.com/All-Hands-AI/OpenHands,"ğŸ™Œ OpenHands: Code Less, Make More",63264,7582,501,63264,,utils
annotated_deep_learning_paper_implementations,labmlai/annotated_deep_learning_paper_implementations,https://github.com/labmlai/annotated_deep_learning_paper_implementations,"ğŸ§‘â€ğŸ« 60+ Implementations/tutorials of deep learning papers with side-by-side notes ğŸ“; including transformers (original, xl, switch, feedback, vit, ...), optimizers (adam, adabelief, sophia, ...), gans(cyclegan, stylegan2, ...), ğŸ® reinforcement learning (ppo, dqn), capsnet, distillation, ... ğŸ§ ",63082,6384,26,63082,,ml_nlp
localstack,localstack/localstack,https://github.com/localstack/localstack,ğŸ’» A fully functional local AWS cloud stack. Develop and test your cloud & Serverless apps offline,60397,4241,294,60397,,utils
llama,meta-llama/llama,https://github.com/meta-llama/llama,Inference code for Llama models,58706,9806,501,58706,,utils
MetaGPT,FoundationAgents/MetaGPT,https://github.com/FoundationAgents/MetaGPT,"ğŸŒŸ The Multi-Agent Framework: First AI Software Company, Towards Natural Language Programming",58295,7034,60,58295,,utils
LLaMA-Factory,hiyouga/LLaMA-Factory,https://github.com/hiyouga/LLaMA-Factory,Unified Efficient Fine-Tuning of 100+ LLMs & VLMs (ACL 2024),57636,7065,649,57636,,utils
vllm,vllm-project/vllm,https://github.com/vllm-project/vllm,A high-throughput and memory-efficient inference and serving engine for LLMs,57404,9964,2941,57404,,utils
private-gpt,zylon-ai/private-gpt,https://github.com/zylon-ai/private-gpt,"Interact with your documents using the power of GPT, 100% privately, no data leaks",56565,7570,278,56565,,utils
you-get,soimort/you-get,https://github.com/soimort/you-get,:arrow_double_down: Dumb downloader that scrapes the web,56392,9805,383,56392,,utils
openpilot,commaai/openpilot,https://github.com/commaai/openpilot,"openpilot is an operating system for robotics. Currently, it upgrades the driver assistance system on 300+ supported cars.",55985,10106,164,55985,,utils
face_recognition,ageitgey/face_recognition,https://github.com/ageitgey/face_recognition,The world's simplest facial recognition api for Python and the command line,55388,13675,818,55388,,utils
gpt-engineer,AntonOsika/gpt-engineer,https://github.com/AntonOsika/gpt-engineer,CLI platform to experiment with codegen. Precursor to: https://lovable.dev,54841,7289,50,54841,,dev_tools
faceswap,deepfakes/faceswap,https://github.com/deepfakes/faceswap,Deepfakes Software For All,54475,13417,41,54475,,utils
rich,Textualize/rich,https://github.com/Textualize/rich,Rich is a Python library for rich text and beautiful formatting in the terminal.,53602,1879,297,53602,,utils
crawl4ai,unclecode/crawl4ai,https://github.com/unclecode/crawl4ai,"ğŸš€ğŸ¤– Crawl4AI: Open-source LLM Friendly Web Crawler & Scraper. Don't be shy, join here: https://discord.gg/jP8KfhDhyN",52236,5198,251,52236,,utils
OpenBB,OpenBB-finance/OpenBB,https://github.com/OpenBB-finance/OpenBB,"Financial data platform for analysts, quants and AI agents.",52024,4925,53,52024,,utils
autogen,microsoft/autogen,https://github.com/microsoft/autogen,A programming framework for agentic AI ğŸ¤– PyPi: autogen-agentchat Discord: https://aka.ms/autogen-discord Office Hour: https://aka.ms/autogen-officehour,49507,7563,486,49507,,utils
OpenManus,FoundationAgents/OpenManus,https://github.com/FoundationAgents/OpenManus,"No fortress, purely open ground.  OpenManus is Coming.",49494,8675,528,49494,,utils
30-Days-Of-Python,Asabeneh/30-Days-Of-Python,https://github.com/Asabeneh/30-Days-Of-Python,"30 days of Python programming challenge is a step-by-step guide to learn the Python programming language in 30 days. This challenge may take more than100 days, follow your own pace.  These videos may help too: https://www.youtube.com/channel/UC7PNRuno1rzYPb1xLa4yktw",49153,9383,197,49153,,education
professional-programming,charlax/professional-programming,https://github.com/charlax/professional-programming,A collection of learning resources for curious software engineers,47974,3816,0,47974,,education
big-list-of-naughty-strings,minimaxir/big-list-of-naughty-strings,https://github.com/minimaxir/big-list-of-naughty-strings,The Big List of Naughty Strings is a list of strings which have a high probability of causing issues when used as user-input data.,47404,2160,109,47404,,utils
pandas,pandas-dev/pandas,https://github.com/pandas-dev/pandas,"Flexible and powerful data analysis / manipulation library for Python, providing labeled data structures similar to R data.frame objects, statistical functions, and much more",46511,18881,3701,46511,,data_science
Fooocus,lllyasviel/Fooocus,https://github.com/lllyasviel/Fooocus,Focus on prompting and generating,46380,7439,268,46380,,utils
ultralytics,ultralytics/ultralytics,https://github.com/ultralytics/ultralytics,Ultralytics YOLO ğŸš€,45298,8837,364,45298,,utils
unsloth,unslothai/unsloth,https://github.com/unslothai/unsloth,"Fine-tuning & Reinforcement Learning for LLMs. ğŸ¦¥ Train OpenAI gpt-oss, Qwen3, Llama 4, DeepSeek-R1, Gemma 3, TTS 2x faster with 70% less VRAM.",45208,3667,814,45208,,education
text-generation-webui,oobabooga/text-generation-webui,https://github.com/oobabooga/text-generation-webui,"The definitive Web UI for local AI, with powerful features and easy setup.",44900,5772,2588,44900,,utils
nanoGPT,karpathy/nanoGPT,https://github.com/karpathy/nanoGPT,"The simplest, fastest repository for training/finetuning medium-sized GPTs.",44110,7478,308,44110,,utils
llama_index,run-llama/llama_index,https://github.com/run-llama/llama_index,LlamaIndex is the leading framework for building LLM-powered agents over your data.,44108,6344,265,44108,,utils
MinerU,opendatalab/MinerU,https://github.com/opendatalab/MinerU,A high-quality tool for convert PDF to Markdown and JSON.ä¸€ç«™å¼å¼€æºé«˜è´¨é‡æ•°æ®æå–å·¥å…·ï¼Œå°†PDFè½¬æ¢æˆMarkdownå’ŒJSONæ ¼å¼ã€‚,43393,3577,91,43393,,utils
TTS,coqui-ai/TTS,https://github.com/coqui-ai/TTS,"ğŸ¸ğŸ’¬ - a deep learning toolkit for Text-to-Speech, battle-tested in research and production",42462,5578,8,42462,,education
airflow,apache/airflow,https://github.com/apache/airflow,"Apache Airflow - A platform to programmatically author, schedule, and monitor workflows",42209,15551,1554,42209,,education
python-patterns,faif/python-patterns,https://github.com/faif/python-patterns,A collection of design patterns/idioms in Python,42050,7043,16,42050,,utils
freqtrade,freqtrade/freqtrade,https://github.com/freqtrade/freqtrade,"Free, open source crypto trading bot",41953,8551,51,41953,,finance
sentry,getsentry/sentry,https://github.com/getsentry/sentry,Developer-first error tracking and performance monitoring,41922,4426,2551,41922,,utils
stablediffusion,Stability-AI/stablediffusion,https://github.com/Stability-AI/stablediffusion,High-Resolution Image Synthesis with Latent Diffusion Models,41702,5318,299,41702,,utils
diagrams,mingrammer/diagrams,https://github.com/mingrammer/diagrams,:art: Diagram as Code for prototyping cloud system architectures,41421,2658,381,41421,,utils
ailearning,apachecn/ailearning,https://github.com/apachecn/ailearning,AiLearningï¼šæ•°æ®åˆ†æ+æœºå™¨å­¦ä¹ å®æˆ˜+çº¿æ€§ä»£æ•°+PyTorch+NLTK+TF2,41394,11586,3,41394,,ml_nlp
ColossalAI,hpcaitech/ColossalAI,https://github.com/hpcaitech/ColossalAI,"Making large AI models cheaper, faster and more accessible",41138,4532,475,41138,,utils
ChatGLM-6B,zai-org/ChatGLM-6B,https://github.com/zai-org/ChatGLM-6B,ChatGLM-6B: An Open Bilingual Dialogue Language Model | å¼€æºåŒè¯­å¯¹è¯è¯­è¨€æ¨¡å‹,41119,5214,599,41119,,utils
black,psf/black,https://github.com/psf/black,The uncompromising Python code formatter,40899,2614,357,40899,,dev_tools
cheat.sh,chubin/cheat.sh,https://github.com/chubin/cheat.sh,the only cheat sheet you need,40178,1871,138,40178,,utils
DeepSpeed,deepspeedai/DeepSpeed,https://github.com/deepspeedai/DeepSpeed,"DeepSpeed is a deep learning optimization library that makes distributed training and inference easy, efficient, and effective.",40022,4544,1206,40022,,education
ai-hedge-fund,virattt/ai-hedge-fund,https://github.com/virattt/ai-hedge-fund,An AI Hedge Fund Team,39865,7037,42,39865,,utils
gradio,gradio-app/gradio,https://github.com/gradio-app/gradio,"Build and share delightful machine learning apps, all in Python. ğŸŒŸ Star to support our work!",39766,3046,445,39766,,education
MoneyPrinterTurbo,harry0703/MoneyPrinterTurbo,https://github.com/harry0703/MoneyPrinterTurbo,åˆ©ç”¨AIå¤§æ¨¡å‹ï¼Œä¸€é”®ç”Ÿæˆé«˜æ¸…çŸ­è§†é¢‘ Generate short videos with one click using AI LLM.,39746,5765,193,39746,,dev_tools
bert,google-research/bert,https://github.com/google-research/bert,TensorFlow code and pre-trained models for BERT,39496,9702,885,39496,,ml_nlp
FastChat,lm-sys/FastChat,https://github.com/lm-sys/FastChat,"An open platform for training, serving, and evaluating large language models. Release repo for Vicuna and Chatbot Arena.",39069,4745,953,39069,,utils
quivr,QuivrHQ/quivr,https://github.com/QuivrHQ/quivr,"Opiniated RAG for integrating GenAI in your apps ğŸ§    Focus on your product rather than the RAG. Easy integration in existing products with customisation!  Any LLM: GPT4, Groq, Llama. Any Vectorstore: PGVector, Faiss. Any Files. Anyway you want. ",38400,3670,20,38400,,utils
docling,docling-project/docling,https://github.com/docling-project/docling,Get your documents ready for gen AI,38133,2634,548,38133,,dev_tools
ccxt,ccxt/ccxt,https://github.com/ccxt/ccxt,A JavaScript / TypeScript / Python / C# / PHP / Go cryptocurrency trading API with support for more than 100 bitcoin/altcoin exchanges,37956,8150,1385,37956,,finance
crewAI,crewAIInc/crewAI,https://github.com/crewAIInc/crewAI,"Framework for orchestrating role-playing, autonomous AI agents. By fostering collaborative intelligence, CrewAI empowers agents to work together seamlessly, tackling complex tasks.",37810,4994,167,37810,,ml_nlp
ChatTTS,2noise/ChatTTS,https://github.com/2noise/ChatTTS,A generative speech model for daily dialogue.,37760,4082,64,37760,,utils
python-cheatsheet,gto76/python-cheatsheet,https://github.com/gto76/python-cheatsheet,Comprehensive Python Cheatsheet,37652,6662,22,37652,,utils
Open-Assistant,LAION-AI/Open-Assistant,https://github.com/LAION-AI/Open-Assistant,"OpenAssistant is a chat-based assistant that understands tasks, can interact with third-party systems, and retrieve information dynamically to do so.",37462,3294,290,37462,,utils
aider,Aider-AI/aider,https://github.com/Aider-AI/aider,aider is AI pair programming in your terminal,37262,3458,1204,37262,,utils
GFPGAN,TencentARC/GFPGAN,https://github.com/TencentARC/GFPGAN,GFPGAN aims at developing Practical Algorithms for Real-world Face Restoration.,37055,6187,396,37055,,utils
MediaCrawler,NanmiCoder/MediaCrawler,https://github.com/NanmiCoder/MediaCrawler,å°çº¢ä¹¦ç¬”è®° | è¯„è®ºçˆ¬è™«ã€æŠ–éŸ³è§†é¢‘ | è¯„è®ºçˆ¬è™«ã€å¿«æ‰‹è§†é¢‘ | è¯„è®ºçˆ¬è™«ã€B ç«™è§†é¢‘ ï½œ è¯„è®ºçˆ¬è™«ã€å¾®åšå¸–å­ ï½œ è¯„è®ºçˆ¬è™«ã€ç™¾åº¦è´´å§å¸–å­ ï½œ ç™¾åº¦è´´å§è¯„è®ºå›å¤çˆ¬è™«  | çŸ¥ä¹é—®ç­”æ–‡ç« ï½œè¯„è®ºçˆ¬è™«,36714,8482,103,36714,,utils
MockingBird,babysor/MockingBird,https://github.com/babysor/MockingBird,ğŸš€AIæ‹Ÿå£°: 5ç§’å†…å…‹éš†æ‚¨çš„å£°éŸ³å¹¶ç”Ÿæˆä»»æ„è¯­éŸ³å†…å®¹ Clone a voice in 5 seconds to generate arbitrary speech in real-time,36611,5262,481,36611,,utils
wtfpython,satwikkansal/wtfpython,https://github.com/satwikkansal/wtfpython,What the f*ck Python? ğŸ˜±,36600,2669,69,36600,,utils
cli,httpie/cli,https://github.com/httpie/cli,"ğŸ¥§ HTTPie CLI  â€” modern, user-friendly command-line HTTP client for the API era. JSON support, colors, sessions, downloads, plugins & more.",36535,3759,209,36535,,dev_tools
Umi-OCR,hiroi-sora/Umi-OCR,https://github.com/hiroi-sora/Umi-OCR,"OCR software, free and offline. å¼€æºã€å…è´¹çš„ç¦»çº¿OCRè½¯ä»¶ã€‚æ”¯æŒæˆªå±/æ‰¹é‡å¯¼å…¥å›¾ç‰‡ï¼ŒPDFæ–‡æ¡£è¯†åˆ«ï¼Œæ’é™¤æ°´å°/é¡µçœ‰é¡µè„šï¼Œæ‰«æ/ç”ŸæˆäºŒç»´ç ã€‚å†…ç½®å¤šå›½è¯­è¨€åº“ã€‚",36530,3611,276,36530,,utils
gym,openai/gym,https://github.com/openai/gym,A toolkit for developing and comparing reinforcement learning algorithms.,36467,8691,130,36467,,education
DragGAN,XingangPan/DragGAN,https://github.com/XingangPan/DragGAN,Official Code for DragGAN (SIGGRAPH 2023),35910,3438,153,35910,,visualization
sqlmap,sqlmapproject/sqlmap,https://github.com/sqlmapproject/sqlmap,Automatic SQL injection and database takeover tool,35228,6031,60,35228,,database
